conidx,dualval
1,0.0
2,0.0
3,0.0
4,0.0
5,0.0
6,0.0
7,0.0
8,0.0
9,0.0
10,0.0
11,0.0
12,0.0
13,0.0
14,0.0
15,0.0
16,0.0
17,0.0
18,0.0
19,0.0
20,0.0
21,0.0
22,0.0
23,0.0
24,0.0
25,0.0
26,0.0
27,0.0
28,0.0
29,0.0
30,0.0
31,0.0
32,0.0
33,0.0
34,0.0
35,0.0
36,0.0
37,0.0
38,0.0
39,0.0
40,0.0
41,0.0
42,0.0
43,0.0
44,0.0
45,0.0
46,0.0
47,0.0
48,0.0
49,0.0
50,0.0
51,0.0
52,0.0
53,0.0
54,0.0
55,0.0
56,0.0
57,0.0
58,0.0
59,0.0
60,0.0
61,0.0
62,0.0
63,0.0
64,0.0
65,0.0
66,0.0
67,0.0
68,0.0
69,0.0
70,0.0
71,0.0
72,0.0
73,0.0
74,0.0
75,0.0
76,0.0
77,0.0
78,0.0
79,0.0
80,0.0
81,0.0
82,0.0
83,0.0
84,0.0
85,0.0
86,0.0
87,0.0
88,0.0
89,0.0
90,0.0
91,0.0
92,0.0
93,0.0
94,0.0
95,0.0
96,0.0
97,0.0
98,0.0
99,0.0
100,0.0
101,0.0
102,0.0
103,0.0
104,0.0
105,0.0
106,0.0
107,0.0
108,0.0
109,0.0
110,0.0
111,0.0
112,0.0
113,0.0
114,0.0
115,0.0
116,0.0
117,0.0
118,0.0
119,0.0
120,0.0
121,0.0
122,0.0
123,0.0
124,0.0
125,0.0
126,0.0
127,0.0
128,0.0
129,0.0
130,0.0
131,0.0
132,0.0
133,0.0
134,0.0
135,0.0
136,0.0
137,0.0
138,0.0
139,0.0
140,0.0
141,0.0
142,0.0
143,0.0
144,0.0
145,0.0
146,0.0
147,0.0
148,0.0
149,0.0
150,0.0
151,0.0
152,0.0
153,0.0
154,0.0
155,0.0
156,0.0
157,0.0
158,0.0
159,0.0
160,0.0
161,0.0
162,0.0
163,0.0
164,0.0
165,0.0
166,0.0
167,0.0
168,0.0
169,0.0
170,0.0
171,0.0
172,0.0
173,0.0
174,0.0
175,0.0
176,0.0
177,0.0
178,0.0
179,0.0
180,0.0
181,0.0
182,0.0
183,0.0
184,0.0
185,0.0
186,0.0
187,0.0
188,0.0
189,0.0
190,0.0
191,0.0
192,0.0
193,0.0
194,0.0
195,0.0
196,0.0
197,0.0
198,0.0
199,0.0
200,0.0
201,0.0
202,0.0
203,0.0
204,0.0
205,0.0
206,0.0
207,0.0
208,0.0
209,0.0
210,0.0
211,0.0
212,0.0
213,0.0
214,0.0
215,0.0
216,0.0
217,0.0
218,0.0
219,0.0
220,0.0
221,0.0
222,0.0
223,0.0
224,0.0
225,0.0
226,0.0
227,0.0
228,0.0
229,0.0
230,0.0
231,0.0
232,0.0
233,0.0
234,0.0
235,0.0
236,0.0
237,0.0
238,0.0
239,0.0
240,0.0
241,0.0
242,0.0
243,0.0
244,0.0
245,0.0
246,0.0
247,0.0
248,0.0
249,0.0
250,0.0
251,0.0
252,0.0
253,0.0
254,0.0
255,0.0
256,0.5472172631222318
257,0.5271326187686134
258,0.5452881956064731
259,0.0
260,0.0
261,0.0
262,0.0
263,0.0
264,0.0
265,0.0
266,0.0
267,0.0
268,0.0
269,0.0
270,0.0
271,0.0
272,0.0
273,0.0
274,0.0
275,0.0
276,0.0
277,0.0
278,0.0
279,0.0
280,0.0
281,0.0
282,0.0
283,0.0
284,0.0
285,0.0
286,0.0
287,0.0
288,0.0
289,0.0
290,0.0
291,0.0
292,0.0
293,0.0
294,0.0
295,0.0
296,0.0
297,0.0
298,0.0
299,0.0
300,0.0
301,0.0
302,0.0
303,0.0
304,0.0
305,0.0
306,0.0
307,0.0
308,0.0
309,0.0
310,0.0
311,0.0
312,0.0
313,0.0
314,0.0
315,0.0
316,0.0
317,0.0
318,0.0
319,0.0
320,0.0
321,0.0
322,0.0
323,0.0
324,0.0
325,0.0
326,0.0
327,0.0
328,0.0
329,0.0
330,0.0
331,0.0
332,0.0
333,0.0
334,0.5472172631222318
335,0.0
336,0.0
337,0.0
338,0.0
339,0.0
340,0.0
341,0.0
342,0.0
343,0.0
344,0.0
345,0.0
346,0.0
347,0.0
348,0.0
349,0.0
350,0.0
351,0.0
352,0.0
353,0.0
354,0.0
355,0.0
356,0.0
357,0.0
358,0.0
359,0.0
360,0.0
361,0.0
362,0.0
363,0.0
364,0.0
365,0.0
366,0.0
367,0.0
368,0.0
369,0.0
370,0.0
371,0.0
372,0.0
373,0.0
374,0.0
375,0.0
376,0.0
377,0.0
378,0.0
379,0.0
380,0.0
381,0.0
382,0.0
383,0.0
384,0.0
385,0.0
386,0.0
387,0.0
388,0.0
389,0.0
390,0.0
391,0.0
392,0.0
393,0.0
394,0.0
395,0.0
396,0.0
397,0.0
398,0.0
399,0.0
400,0.0
401,0.0
402,0.0
403,0.0
404,0.0
405,0.0
406,0.0
407,0.0
408,0.0
409,0.0
410,0.0
411,0.0
412,0.0
413,0.0
414,0.0
415,0.0
416,0.006039313824131644
417,0.0
418,0.0
419,0.0
420,0.0
421,0.0
422,0.0
423,0.0
424,0.0
425,0.0
426,0.0
427,0.0
428,0.0
429,0.0
430,0.0
431,0.0
432,0.0
433,0.0
434,0.0
435,0.0
436,0.0
437,0.0
438,0.0
439,0.0
440,0.0
441,0.0
442,0.0
443,0.0
444,0.0
445,0.0
446,0.0
447,0.0
448,0.0
449,0.0
450,0.0
451,0.0
452,0.0
453,0.0
454,0.0
455,0.0
456,0.0
457,0.0
458,0.0
459,0.0
460,0.0
461,0.0
462,0.0
463,0.0
464,0.0
465,0.0
466,0.0
467,0.0
468,0.0
469,0.0
470,0.0
471,0.03896754866255275
472,0.0
473,0.0
474,0.0
475,0.0
476,0.0
477,0.0
478,0.0
479,0.0
480,0.0
481,0.0
482,0.0
483,0.0
484,0.0
485,0.0
486,0.0
487,0.0
488,0.0
489,0.0
490,0.0
491,0.0
492,0.0
493,-0.5472172631222318
494,-0.5271326187686134
495,-0.5452881956064731
496,0.0
497,0.0
498,0.0
499,0.0
500,0.0
501,0.0
502,-0.5472172631222318
503,-0.5271326187686134
504,-0.5452881956064731
505,0.0
506,0.5271326187686134
507,0.5452881956064731
508,0.5472172631222318
509,0.5271326187686134
510,0.5452881956064731
511,0.0
512,0.0
513,0.0
514,0.0
515,0.0
516,0.0
517,0.0
518,0.0
519,0.0
520,0.0
521,0.0
522,0.0
523,0.0
524,0.0
525,0.0
526,0.0
527,0.0
528,0.0
529,0.0
530,0.0
531,0.0
532,0.0
533,0.0
534,0.0
535,0.0
536,0.0
537,0.0
538,0.0
539,0.0
540,0.0
541,0.0
542,0.0
543,0.0
544,0.0
545,0.0
546,0.0
547,0.0
548,0.0
549,0.0
550,0.0
551,0.0
552,0.0
553,0.0
554,0.0
555,0.0
556,0.0
557,0.0
558,0.0
559,0.0
560,0.0
561,0.0
562,0.0
563,0.0
564,0.0
565,0.0
566,0.0
567,0.0
568,0.0
569,0.0
570,0.0
571,0.0
572,0.0
573,0.0
574,0.0
575,0.0
576,0.0
577,0.0
578,0.0
579,0.0
580,0.0
581,0.0
582,0.0
583,0.0
584,0.0
585,0.0
586,0.0
587,0.0
588,0.0
589,0.0
590,0.0
591,0.0
592,0.0
593,0.0
594,0.0
595,0.0
596,0.0
597,0.0
598,0.0
599,0.0
600,0.0
601,0.0
602,0.0
603,0.0
604,0.0
605,0.0
606,0.0
607,0.0
608,0.0
609,0.0
610,0.0
611,0.0
612,0.0
613,0.0
614,0.0
615,0.0
616,0.0
617,0.0
618,0.0
619,0.0
620,0.0
621,0.0
622,0.0
623,0.0
624,0.0
625,0.0
626,0.0
627,0.0
628,0.0
629,0.0
630,0.0
631,0.5472172631222318
632,0.0
633,0.0
634,0.5472172631222318
635,0.0
636,0.0
637,0.5472172631222318
638,0.0
639,0.0
640,0.5472172631222318
641,0.0
642,0.0
643,0.0
644,0.0
645,0.0
646,0.0
647,0.0
648,0.0
649,0.0
650,0.0
651,0.0
652,0.0
653,0.0
654,0.0
655,0.0
656,0.0
657,0.0
658,0.0
659,0.0
660,0.0
661,0.0
662,0.0
663,0.0
664,0.0
665,0.0
666,0.0
667,0.0
668,0.0
669,0.0
670,0.0
671,0.0
672,0.0
673,0.0
674,0.0
675,0.0
676,0.0
677,0.0
678,0.0
679,0.0
680,0.0
681,0.0
682,0.0
683,0.0
684,0.0
685,0.0
686,0.0
687,0.0
688,0.0
689,0.0
690,0.0
691,0.0
692,0.0
693,0.0
694,0.0
695,1.5000229667368161
696,0.0
697,0.0
698,0.0
699,0.0
700,0.0
701,0.0
702,0.0
703,0.0
704,0.0
705,0.0
706,0.0
707,0.0
708,0.0
709,0.0
710,0.0
711,0.0
712,0.0
713,0.0
714,0.0
715,0.0
716,0.0
717,0.0
718,0.0
719,0.0
720,0.0
721,0.0
722,0.0
723,0.0
724,0.0
725,0.0
726,0.0
727,0.0
728,0.0
729,0.0
730,0.0
731,0.0
732,0.0
733,0.0
734,0.0
735,0.0
736,0.0
737,0.0
738,0.0
739,0.0
740,0.0
741,0.0
742,0.0
743,0.0
744,0.0
745,0.0
746,0.0
747,0.0
748,0.0
749,0.0
750,0.0
751,0.0
752,0.0
753,0.0
754,0.0
755,0.0
756,0.0
757,0.0
758,0.0
759,0.0
760,0.0
761,0.0
762,0.0
763,0.0
764,0.0
765,0.0
766,0.0
767,0.0
768,0.0
769,0.0
770,0.006039313824131644
771,0.0
772,0.0
773,0.006039313824131644
774,0.0
775,0.0
776,0.006039313824131644
777,0.0
778,0.0
779,0.0
780,0.0
781,0.0
782,0.0
783,0.0
784,0.0
785,0.0
786,0.0
787,0.0
788,0.0
789,0.0
790,0.0
791,0.0
792,0.0
793,0.0
794,0.0
795,0.0
796,-0.041201769669934184
797,0.0
798,0.0
799,0.0
800,0.0
801,0.0
802,0.0
803,0.0
804,0.0
805,0.0
806,0.0
807,0.0
808,0.0
809,0.0
810,0.0
811,0.0
812,0.0
813,0.0
814,0.0
815,0.0
816,0.0
817,0.0
818,0.0
819,0.0
820,0.0
821,0.0
822,0.0
823,0.0
824,0.0
825,0.0
826,0.0
827,0.0
828,0.0
829,0.0
830,0.0
831,0.0
832,0.0
833,0.0
834,0.0
835,0.0
836,0.0
837,0.0
838,0.0
839,0.0
840,0.0
841,0.0
842,0.0
843,0.0
844,0.0
845,0.0
846,0.0
847,0.0
848,0.0
849,0.0
850,0.0
851,0.0
852,0.0
853,0.0
854,0.0
855,0.0
856,0.0
857,0.0
858,0.0
859,0.0
860,0.0
861,0.0
862,0.0
863,0.0
864,0.0
865,0.0
866,0.0
867,0.0
868,0.0
869,0.0
870,0.0
871,0.0
872,0.0
873,0.0
874,0.0
875,0.0
876,0.0
877,0.0
878,0.0
879,0.0
880,0.0
881,0.0
882,0.0
883,0.0
884,0.0
885,0.0
886,0.0
887,0.0
888,0.0
889,0.0
890,0.0
891,0.0
892,0.0
893,0.0
894,0.0
895,0.0
896,0.0
897,0.0
898,0.0
899,0.0
900,0.0
901,0.0
902,0.0
903,0.0
904,0.0
905,0.0
906,0.0
907,0.0
908,0.0
909,0.0
910,0.0
911,0.0
912,0.0
913,0.0
914,0.0
915,0.0
916,0.0
917,0.0
918,0.0
919,0.0
920,0.0
921,0.0
922,0.0
923,0.0
924,0.0
925,0.0
926,0.0
927,0.0
928,0.0
929,0.0
930,0.0
931,0.0
932,0.0
933,0.0
934,0.0
935,0.0
936,0.0
937,0.0
938,0.0
939,0.0
940,0.0
941,0.0
942,0.0
943,0.0
944,0.0
945,0.0
946,0.0
947,0.0
948,0.0
949,0.0
950,0.0
951,0.0
952,0.0
953,0.0
954,0.0
955,0.0
956,0.0
957,0.0
958,0.0
959,0.0
960,0.0
961,0.0
962,0.0
963,0.0
964,0.0
965,0.0
966,0.0
967,0.0
968,0.0
969,0.0
970,0.0
971,0.0
972,0.0
973,0.0
974,0.0
975,0.0
976,0.0
977,0.0
978,0.0
979,0.0
980,0.0
981,0.0
982,0.0
983,0.0
984,0.0
985,0.0
986,0.0
987,0.0
988,0.0
989,0.0
990,0.0
991,0.0
992,0.0
993,0.0
994,0.0
995,0.0
996,0.0
997,0.0
998,0.0
999,0.0
1000,0.0
1001,0.0
1002,0.0
1003,0.0
1004,0.0
1005,0.0
1006,0.0
1007,0.0
1008,0.0
1009,0.0
1010,0.0
1011,0.0
1012,0.0
1013,0.0
1014,0.0
1015,0.0
1016,0.0
1017,0.0
1018,0.0
1019,0.0
1020,0.0
1021,0.0
1022,0.0
1023,0.0
1024,0.0
1025,0.0
1026,0.0
1027,0.0
1028,0.0
1029,0.0
1030,0.0
1031,0.0
1032,0.0
1033,0.0
1034,0.0
1035,0.0
1036,0.0
1037,0.0
1038,0.0
1039,0.0
1040,0.0
1041,0.0
1042,0.0
1043,0.0
1044,0.0
1045,0.0
1046,0.0
1047,0.0
1048,0.0
1049,0.0
1050,0.0
1051,0.0
1052,0.0
1053,0.0
1054,0.0
1055,0.0
1056,0.0
1057,0.0
1058,0.0
1059,0.0
1060,0.0
1061,0.0
1062,0.0
1063,0.0
1064,0.0
1065,0.0
1066,0.0
1067,0.0
1068,0.0
1069,0.0
1070,0.0
1071,0.0
1072,0.0
1073,0.0
1074,0.0
1075,0.0
1076,0.0
1077,0.0
1078,0.0
1079,0.0
1080,0.0
1081,0.0
1082,0.0
1083,0.0
1084,0.0
1085,0.0
1086,0.0
1087,0.0
1088,0.0
1089,0.0
1090,0.0
1091,0.0
1092,0.0
1093,0.0
1094,0.0
1095,0.0
1096,0.0
1097,0.0
1098,0.0
1099,0.0
1100,0.0
1101,0.0
1102,0.0
1103,0.0
1104,0.0
1105,0.0
1106,0.0
1107,0.0
1108,0.0
1109,0.0
1110,0.0
1111,0.0
1112,0.0
1113,0.0
1114,0.0
1115,0.0
1116,0.0
1117,0.0
1118,0.0
1119,0.0
1120,0.0
1121,0.0
1122,0.0
1123,0.0
1124,0.0
1125,0.0
1126,0.0
1127,0.0
1128,0.0
1129,0.0
1130,0.0
1131,0.0
1132,0.0
1133,0.0
1134,0.0
1135,0.0
1136,0.0
1137,0.0
1138,0.0
1139,0.0
1140,0.0
1141,0.0
1142,0.0
1143,0.0
1144,0.0
1145,0.0
1146,0.0
1147,0.0
1148,0.0
1149,0.0
1150,0.0
1151,0.0
1152,0.0
1153,0.0
1154,0.0
1155,0.0
1156,0.0
1157,0.0
1158,0.0
1159,0.0
1160,0.0
1161,0.0
1162,0.0
1163,0.0
1164,0.0
1165,0.0
1166,0.0
1167,0.0
1168,0.0
1169,0.0
1170,0.0
1171,0.0
1172,0.0
1173,0.0
1174,0.0
1175,0.0
1176,0.0
1177,0.0
1178,0.0
1179,0.0
1180,0.0
1181,0.0
1182,0.0
1183,0.0
1184,0.0
1185,0.0
1186,0.0
1187,0.0
1188,0.0
1189,0.0
1190,0.0
1191,0.0
1192,0.0
1193,0.0
1194,0.0
1195,0.0
1196,0.0
1197,0.0
1198,0.0
1199,0.0
1200,0.0
1201,0.0
1202,0.0
1203,0.0
1204,0.0
1205,0.0
1206,0.0
1207,0.0
1208,0.0
1209,0.0
1210,0.0
1211,0.0
1212,0.0
1213,0.0
1214,0.0
1215,0.0
1216,0.0
1217,0.0
1218,0.0
1219,0.0
1220,0.0
1221,0.0
1222,0.0
1223,0.0
1224,0.0
1225,0.0
1226,0.0
1227,0.0
1228,0.0
1229,0.0
1230,0.0
1231,0.0
1232,0.0
1233,0.0
1234,0.0
1235,0.0
1236,0.0
1237,0.0
1238,0.0
1239,0.0
1240,0.0
1241,0.0
1242,0.0
1243,0.0
1244,0.0
1245,0.0
1246,0.0
1247,0.0
1248,0.0
1249,0.0
1250,0.0
1251,0.546045666945997
1252,0.5460813968326986
1253,0.5449229884044292
1254,0.5461830215837845
1255,0.5462809993584787
1256,0.5464177692885008
1257,0.5484764647706314
1258,0.5475918478572108
1259,0.5462662418523897
1260,0.5465246376208129
1261,0.5461560287320253
1262,0.5467272125211773
1263,0.5472172631222318
1264,0.5449923663924616
1265,0.5426432925885223
1266,0.5433576978678366
1267,0.5422246131015772
1268,0.5416968570816
1269,0.5446893467410736
1270,0.5458473022830186
1271,0.5412067979201929
1272,0.5416068640030491
1273,0.5464841778310886
1274,0.5435069395536043
1275,0.552057722809383
1276,0.552097323665701
1277,0.5508112733453966
1278,0.5522090776057603
1279,0.5523194132305315
1280,0.552471470285267
1281,0.5524454662137407
1282,0.5524454662137407
1283,0.5523005926432891
1284,0.5525903397841915
1285,0.5524942836147226
1286,0.553189891447829
1287,0.5532528386256486
1288,0.551877254413494
1289,0.5502731159996446
1290,0.5510104752974827
1291,0.5499596616175281
1292,0.5500389831631856
1293,0.5525997480575036
1294,0.553981724370564
1295,0.5501126388841528
1296,0.5500525090914913
1297,0.5547418113427481
1298,0.5504769931814826
1299,0.5693750632493748
1300,0.5693992156641609
1301,0.5686148583633476
1302,0.5694673739760063
1303,0.5695346672626397
1304,0.5696274062940284
1305,0.569611546507649
1306,0.569611546507649
1307,0.5695231886565721
1308,0.5696999043587259
1309,0.5694883767451012
1310,0.5702185119991132
1311,0.5702254628865918
1312,0.5687223265902562
1313,0.5670726194935316
1314,0.5676462085155934
1315,0.5661580674815362
1316,0.5653719236937561
1317,0.5693191695188923
1318,0.5707739182174134
1319,0.5659706970775502
1320,0.5660443455600418
1321,0.5715740300016
1322,0.5676568860040259
1323,0.5724939435704371
1324,0.0
1325,0.0
1326,0.0
1327,0.0
1328,0.0
1329,0.0
1330,0.0
1331,0.0
1332,0.0
1333,0.0
1334,0.0
1335,0.0
1336,0.0
1337,0.0
1338,0.0
1339,0.0
1340,0.0
1341,0.0
1342,0.0
1343,0.0
1344,0.0
1345,0.0
1346,0.0
1347,0.0
1348,0.0
1349,0.0
1350,0.0
1351,0.0
1352,0.0
1353,0.0
1354,0.0
1355,0.0
1356,0.0
1357,0.0
1358,0.0
1359,0.0
1360,0.0
1361,0.0
1362,0.0
1363,0.0
1364,0.0
1365,0.0
1366,0.0
1367,0.0
1368,0.0
1369,0.0
1370,0.0
1371,0.0
1372,0.0
1373,0.0
1374,0.0
1375,0.0
1376,0.0
1377,0.0
1378,0.0
1379,0.0
1380,0.0
1381,0.0
1382,0.0
1383,0.0
1384,0.0
1385,0.0
1386,0.0
1387,0.0
1388,0.0
1389,0.0
1390,0.0
1391,0.0
1392,0.0
1393,0.0
1394,0.0
1395,0.0
1396,0.0
1397,-0.0
1398,-0.0
1399,-0.0
1400,-0.0
1401,-0.0
1402,-0.0
1403,-0.0
1404,-0.0
1405,-0.0
1406,-0.0
1407,-0.0
1408,-0.0
1409,-0.0
1410,-0.0
1411,-0.0
1412,-0.0
1413,-0.0
1414,-0.0
1415,-0.0
1416,-0.0
1417,-0.0
1418,-0.0
1419,-0.0
1420,-0.0
1421,-0.0
1422,-0.0
1423,-0.0
1424,-0.0
1425,-0.0
1426,-0.0
1427,-0.0
1428,-0.0
1429,-0.0
1430,-0.0
1431,-0.0
1432,-0.0
1433,-0.0
1434,-0.0
1435,-0.0
1436,-0.0
1437,-0.0
1438,-0.0
1439,-0.0
1440,-0.0
1441,-0.0
1442,-0.0
1443,-0.0
1444,-0.0
1445,-0.0
1446,-0.0
1447,-0.0
1448,-0.0
1449,-0.0
1450,-0.0
1451,-0.0
1452,-0.0
1453,-0.0
1454,-0.0
1455,-0.0
1456,-0.0
1457,-0.0
1458,-0.0
1459,-0.0
1460,-0.0
1461,-0.0
1462,-0.0
1463,-0.0
1464,-0.0
1465,-0.0
1466,-0.0
1467,-0.0
1468,-0.0
1469,-0.0
1470,0.5302235881269658
1471,0.5301293235781284
1472,0.5331855002957314
1473,0.5298612115801319
1474,0.5296027212354857
1475,0.529241887296781
1476,0.5238105238436326
1477,0.5261443687543021
1478,0.5296416552983078
1479,0.5289599413948947
1480,0.529932425603679
1481,0.5284254971704269
1482,0.5271326187686134
1483,0.533002463478522
1484,0.5391999189634191
1485,0.5373151357312779
1486,0.5403045021733764
1487,0.5416968570815999
1488,0.5338019065600349
1489,0.5307469246719979
1490,0.5429897580678076
1491,0.5419342817624822
1492,0.5290666846335774
1493,0.5369213981218065
1494,0.5143622522576655
1495,0.514257775104251
1496,0.51765070366957
1497,0.5139629397237643
1498,0.5136718462205391
1499,0.513270680950079
1500,0.5133392863193296
1501,0.5133392863193296
1502,0.5137214997271453
1503,0.512957072911514
1504,0.5132104935717495
1505,0.5113753027942638
1506,0.5112092320936407
1507,0.5148383738882737
1508,0.5190704999265346
1509,0.5171251581424386
1510,0.5198974724875718
1511,0.5196882020306883
1512,0.5129322514883046
1513,0.5092862457021011
1514,0.5194938794635822
1515,0.5196525171839942
1516,0.5072809425196892
1517,0.518532619951581
1518,0.5071259524937571
1519,0.5305609676459907
1520,-2.7972416050126014e-17
1521,0.6915617466844961
1522,0.5691343772440133
1523,0.6085527086001901
1524,0.7283681194774206
1525,0.7283681194774206
1526,0.8234049043223275
1527,0.6333313346325138
1528,0.6503423675127848
1529,0.6640435081569438
1530,0.6386807415465912
1531,0.5849151691872401
1532,0.4505457292860666
1533,0.493005533444213
1534,0.4796122299861821
1535,0.4792359964714409
1536,0.5264698930890259
1537,0.5555693362584285
1538,0.4697730842578849
1539,0.4736404941395278
1540,0.5715740300015999
1541,0.2798596013327266
1542,0.5691470635166553
1543,0.0
1544,0.0
1545,0.0
1546,0.0
1547,0.0
1548,0.0
1549,0.0
1550,0.0
1551,0.0
1552,0.0
1553,0.0
1554,0.0
1555,0.0
1556,0.0
1557,0.0
1558,0.0
1559,0.0
1560,0.0
1561,0.0
1562,0.0
1563,0.0
1564,0.0
1565,0.0
1566,0.0
1567,0.0
1568,0.0
1569,0.0
1570,0.0
1571,0.0
1572,0.0
1573,0.0
1574,0.0
1575,0.0
1576,0.0
1577,0.0
1578,0.0
1579,0.0
1580,0.0
1581,0.0
1582,0.0
1583,0.0
1584,0.0
1585,0.0
1586,0.0
1587,0.0
1588,0.0
1589,0.0
1590,0.0
1591,0.0
1592,0.0
1593,0.0
1594,0.0
1595,0.0
1596,0.0
1597,0.0
1598,0.0
1599,0.0
1600,0.0
1601,0.0
1602,0.0
1603,0.0
1604,0.0
1605,0.0
1606,0.0
1607,0.0
1608,0.0
1609,0.0
1610,0.0
1611,0.0
1612,0.0
1613,0.0
1614,0.0
1615,0.0
1616,-0.0
1617,-0.0
1618,-0.0
1619,-0.0
1620,-0.0
1621,-0.0
1622,-0.0
1623,-0.0
1624,-0.0
1625,-0.0
1626,-0.0
1627,-0.0
1628,-0.0
1629,-0.0
1630,-0.0
1631,-0.0
1632,-0.0
1633,-0.0
1634,-0.0
1635,-0.0
1636,-0.0
1637,-0.0
1638,-0.0
1639,-0.0
1640,-0.0
1641,-0.0
1642,-0.0
1643,-0.0
1644,-0.0
1645,-0.0
1646,-0.0
1647,-0.0
1648,-0.0
1649,-0.0
1650,-0.0
1651,-0.0
1652,-0.0
1653,-0.0
1654,-0.0
1655,-0.0
1656,-0.0
1657,-0.0
1658,-0.0
1659,-0.0
1660,-0.0
1661,-0.0
1662,-0.0
1663,-0.0
1664,-0.0
1665,-0.0
1666,-0.0
1667,-0.0
1668,-0.0
1669,-0.0
1670,-0.0
1671,-0.0
1672,-0.0
1673,-0.0
1674,-0.0
1675,-0.0
1676,-0.0
1677,-0.0
1678,-0.0
1679,-0.0
1680,-0.0
1681,-0.0
1682,-0.0
1683,-0.0
1684,-0.0
1685,-0.0
1686,-0.0
1687,-0.0
1688,-0.0
1689,0.5427659772312068
1690,0.5427402615697396
1691,0.5435637493415704
1692,0.5426629025110319
1693,0.5426007306425418
1694,0.542504541918777
1695,0.5299736235168
1696,0.5353046320431001
1697,0.542599553360594
1698,0.5424296518213356
1699,0.5440820948532878
1700,0.5441884745211947
1701,0.5452881956064731
1702,0.5445604483762995
1703,0.5451948645113481
1704,0.545232421182435
1705,0.545337496257619
1706,0.5453864369945605
1707,0.5454522376218489
1708,0.5456433823517741
1709,0.5454318819645776
1710,0.5453947823803396
1711,0.545748511953233
1712,0.5445769278303891
1713,0.5521010441727277
1714,0.5520130462874627
1715,0.5548708054132165
1716,0.5517647155363254
1717,0.5515195364530424
1718,0.5511816473137572
1719,0.5512394315011564
1720,0.5512394315011564
1721,0.5515613580708272
1722,0.550917504931486
1723,0.5503123617717591
1724,0.5504038202969067
1725,0.5500956672413712
1726,0.5495975605241225
1727,0.5484942177922069
1728,0.5485934349619661
1729,0.548037412547513
1730,0.5481530099043878
1731,0.5488280971598944
1732,0.5490321512450497
1733,0.5482603503072
1734,0.5481727215924097
1735,0.5491443809918851
1736,0.5509099438325137
1737,0.5471807993929456
1738,0.5471775584703165
1739,0.5472828084566284
1740,0.5471684125601795
1741,0.5471593827245549
1742,0.5471469384191674
1743,0.5471490665848613
1744,0.5471490665848613
1745,0.5471609229959724
1746,0.5471372101737502
1747,0.5471655942767804
1748,0.5470676201450791
1749,0.547066687431364
1750,0.5472683876953256
1751,0.5474897557493601
1752,0.5474127879737583
1753,0.5476124760792966
1754,0.5477179657876443
1755,0.5471882995645664
1756,0.5469930922522258
1757,0.547637618616294
1758,0.5476277360005957
1759,0.5468857282304386
1760,0.5474113552013341
1761,0.5467622884531484
1762,0.0
1763,0.0
1764,0.0
1765,0.0
1766,0.0
1767,0.0
1768,0.0
1769,0.0
1770,0.0
1771,0.0
1772,0.0
1773,0.0
1774,0.0
1775,0.0
1776,0.0
1777,0.0
1778,0.0
1779,0.0
1780,0.0
1781,0.0
1782,0.0
1783,0.0
1784,0.0
1785,0.0
1786,0.0
1787,0.0
1788,0.0
1789,0.0
1790,0.0
1791,0.0
1792,0.0
1793,0.0
1794,0.0
1795,0.0
1796,0.0
1797,0.0
1798,0.0
1799,0.0
1800,0.0
1801,0.0
1802,0.0
1803,0.0
1804,0.0
1805,0.0
1806,0.0
1807,0.0
1808,0.0
1809,0.0
1810,0.0
1811,0.0
1812,0.0
1813,0.0
1814,0.0
1815,0.0
1816,0.0
1817,0.0
1818,0.0
1819,0.0
1820,0.0
1821,0.0
1822,0.0
1823,0.0
1824,0.0
1825,0.0
1826,0.0
1827,0.0
1828,0.0
1829,0.0
1830,0.0
1831,0.0
1832,0.0
1833,0.0
1834,0.0
1835,-0.0
1836,-0.0
1837,-0.0
1838,-0.0
1839,-0.0
1840,-0.0
1841,-0.0
1842,-0.0
1843,-0.0
1844,-0.0
1845,-0.0
1846,-0.0
1847,-0.0
1848,-0.0
1849,-0.0
1850,-0.0
1851,-0.0
1852,-0.0
1853,-0.0
1854,-0.0
1855,-0.0
1856,-0.0
1857,-0.0
1858,-0.0
1859,-0.0
1860,-0.0
1861,-0.0
1862,-0.0
1863,-0.0
1864,-0.0
1865,-0.0
1866,-0.0
1867,-0.0
1868,-0.0
1869,-0.0
1870,-0.0
1871,-0.0
1872,-0.0
1873,-0.0
1874,-0.0
1875,-0.0
1876,-0.0
1877,-0.0
1878,-0.0
1879,-0.0
1880,-0.0
1881,-0.0
1882,-0.0
1883,-0.0
1884,-0.0
1885,-0.0
1886,-0.0
1887,-0.0
1888,-0.0
1889,-0.0
1890,-0.0
1891,-0.0
1892,-0.0
1893,-0.0
1894,-0.0
1895,-0.0
1896,-0.0
1897,-0.0
1898,-0.0
1899,-0.0
1900,-0.0
1901,-0.0
1902,-0.0
1903,-0.0
1904,-0.0
1905,-0.0
1906,-0.0
1907,-0.0
1908,77.53395433305401
1909,8.354045666945996
1910,77.53391860316731
1911,8.354081396832697
1912,77.53507701159553
1913,8.352922988404428
1914,77.53381697841621
1915,8.354183021583784
1916,77.53371900064154
1917,8.354280999358478
1918,77.53358223071149
1919,8.3544177692885
1920,77.53152353522938
1921,8.356476464770632
1922,77.53240815214278
1923,8.35559184785721
1924,77.53373375814762
1925,8.354266241852391
1926,77.53347536237918
1927,8.354524637620813
1928,77.53384397126797
1929,8.354156028732026
1930,77.53327278747881
1931,8.354727212521174
1932,77.53278273687776
1933,8.355217263122231
1934,77.53500763360753
1935,8.352992366392462
1936,77.53735670741148
1937,8.350643292588524
1938,77.53664230213215
1939,8.351357697867835
1940,77.5377753868984
1941,8.350224613101577
1942,77.5383031429184
1943,8.349696857081602
1944,77.53531065325892
1945,8.352689346741075
1946,77.53415269771698
1947,8.353847302283018
1948,77.5387932020798
1949,8.349206797920193
1950,77.53839313599694
1951,8.349606864003052
1952,77.53351582216891
1953,8.354484177831091
1954,77.5364930604464
1955,8.351506939553603
1956,77.5279422771906
1957,8.360057722809383
1958,77.52790267633429
1959,8.360097323665702
1960,77.52918872665458
1961,8.358811273345397
1962,77.52779092239422
1963,8.36020907760576
1964,77.52768058676945
1965,8.36031941323053
1966,77.52752852971474
1967,8.360471470285267
1968,77.52755453378626
1969,8.36044546621374
1970,77.52755453378626
1971,8.36044546621374
1972,77.5276994073567
1973,8.360300592643288
1974,77.5274096602158
1975,8.360590339784194
1976,77.52750571638526
1977,8.360494283614722
1978,77.52681010855218
1979,8.361189891447829
1980,77.52674716137433
1981,8.361252838625647
1982,77.52812274558649
1983,8.359877254413492
1984,77.52972688400034
1985,8.358273115999646
1986,77.52898952470252
1987,8.359010475297481
1988,77.53004033838245
1989,8.35795966161753
1990,77.52996101683682
1991,8.358038983163183
1992,77.5274002519425
1993,8.360599748057504
1994,77.52601827562944
1995,8.361981724370564
1996,77.52988736111584
1997,8.358112638884153
1998,77.52994749090851
1999,8.358052509091491
2000,77.52525818865725
2001,8.362741811342747
2002,77.52952300681851
2003,8.358476993181483
2004,77.51062493675059
2005,8.377375063249376
2006,77.51060078433584
2007,8.377399215664163
2008,77.51138514163664
2009,8.376614858363347
2010,77.510532626024
2011,8.377467373976005
2012,77.51046533273735
2013,8.37753466726264
2014,77.51037259370598
2015,8.37762740629403
2016,77.51038845349233
2017,8.377611546507648
2018,77.51038845349233
2019,8.377611546507648
2020,77.51047681134344
2021,8.377523188656573
2022,77.51030009564126
2023,8.377699904358725
2024,77.51051162325491
2025,8.3774883767451
2026,77.50978148800088
2027,8.37821851199911
2028,77.50977453711342
2029,8.378225462886592
2030,77.51127767340977
2031,8.376722326590256
2032,77.51292738050648
2033,8.375072619493531
2034,77.51235379148441
2035,8.375646208515592
2036,77.51384193251847
2037,8.374158067481536
2038,77.51462807630625
2039,8.373371923693755
2040,77.5106808304811
2041,8.377319169518893
2042,77.50922608178259
2043,8.378773918217414
2044,77.51402930292242
2045,8.373970697077551
2046,77.51395565443995
2047,8.374044345560042
2048,77.5084259699984
2049,8.3795740300016
2050,77.51234311399597
2051,8.375656886004025
2052,77.50750605642956
2053,8.380493943570437
2054,77.54977641187301
2055,8.338223588126967
2056,77.54987067642188
2057,8.33812932357813
2058,77.54681449970427
2059,8.341185500295731
2060,77.55013878841986
2061,8.337861211580131
2062,77.55039727876452
2063,8.337602721235486
2064,77.5507581127032
2065,8.33724188729678
2066,77.55618947615638
2067,8.33181052384363
2068,77.55385563124568
2069,8.334144368754304
2070,77.55035834470169
2071,8.337641655298306
2072,77.55104005860508
2073,8.336959941394895
2074,77.55006757439634
2075,8.33793242560368
2076,77.5515745028296
2077,8.336425497170428
2078,77.55286738123138
2079,8.335132618768613
2080,77.54699753652147
2081,8.341002463478523
2082,77.54080008103658
2083,8.347199918963417
2084,77.54268486426871
2085,8.345315135731278
2086,77.53969549782661
2087,8.348304502173377
2088,77.53830314291842
2089,8.3496968570816
2090,77.54619809343995
2091,8.341801906560036
2092,77.54925307532798
2093,8.338746924672
2094,77.53701024193218
2095,8.350989758067806
2096,77.5380657182375
2097,8.349934281762481
2098,77.55093331536642
2099,8.337066684633577
2100,77.54307860187821
2101,8.344921398121805
2102,77.56563774774231
2103,8.322362252257664
2104,77.56574222489576
2105,8.32225777510425
2106,77.56234929633042
2107,8.32565070366957
2108,77.56603706027623
2109,8.321962939723765
2110,77.56632815377947
2111,8.321671846220537
2112,77.56672931904993
2113,8.321270680950079
2114,77.56666071368068
2115,8.321339286319327
2116,77.56666071368068
2117,8.321339286319327
2118,77.56627850027284
2119,8.321721499727147
2120,77.56704292708851
2121,8.320957072911513
2122,77.56678950642825
2123,8.321210493571748
2124,77.56862469720573
2125,8.319375302794265
2126,77.56879076790636
2127,8.31920923209364
2128,77.56516162611172
2129,8.322838373888274
2130,77.56092950007344
2131,8.327070499926531
2132,77.56287484185758
2133,8.325125158142438
2134,77.56010252751243
2135,8.327897472487573
2136,77.56031179796932
2137,8.327688202030686
2138,77.56706774851166
2139,8.320932251488301
2140,77.57071375429791
2141,8.317286245702105
2142,77.56050612053643
2143,8.327493879463583
2144,77.560347482816
2145,8.327652517183996
2146,77.5727190574803
2147,8.31528094251969
2148,77.56146738004843
2149,8.326532619951582
2150,77.57287404750623
2151,8.315125952493757
2152,77.54943903235403
2153,8.338560967645993
2154,78.07999999999997
2155,7.807999999999999
2156,77.38843825331551
2157,8.499561746684497
2158,77.510865622756
2159,8.377134377244014
2160,77.47144729139981
2161,8.416552708600188
2162,77.35163188052256
2163,8.53636811947742
2164,77.35163188052256
2165,8.53636811947742
2166,77.25659509567768
2167,8.631404904322329
2168,77.44666866536747
2169,8.441331334632512
2170,77.42965763248722
2171,8.458342367512785
2172,77.41595649184308
2173,8.472043508156942
2174,77.4413192584534
2175,8.446680741546592
2176,77.49508483081274
2177,8.392915169187239
2178,77.62945427071394
2179,8.258545729286066
2180,77.58699446655577
2181,8.301005533444213
2182,77.6003877700138
2183,8.28761222998618
2184,77.60076400352857
2185,8.287235996471441
2186,77.55353010691096
2187,8.334469893089025
2188,77.52443066374158
2189,8.363569336258431
2190,77.61022691574213
2191,8.277773084257884
2192,77.60635950586047
2193,8.281640494139527
2194,77.5084259699984
2195,8.3795740300016
2196,77.80014039866727
2197,8.087859601332726
2198,77.51085293648335
2199,8.377147063516656
2200,77.5372340227688
2201,8.350765977231207
2202,77.53725973843025
2203,8.350740261569738
2204,77.53643625065841
2205,8.35156374934157
2206,77.53733709748896
2207,8.350662902511031
2208,77.53739926935745
2209,8.350600730642542
2210,77.53749545808122
2211,8.350504541918776
2212,77.55002637648319
2213,8.337973623516799
2214,77.54469536795689
2215,8.3433046320431
2216,77.5374004466394
2217,8.350599553360592
2218,77.53757034817866
2219,8.350429651821337
2220,77.5359179051467
2221,8.352082094853287
2222,77.5358115254788
2223,8.352188474521194
2224,77.53471180439352
2225,8.353288195606472
2226,77.5354395516237
2227,8.352560448376298
2228,77.53480513548865
2229,8.353194864511348
2230,77.53476757881756
2231,8.353232421182435
2232,77.53466250374238
2233,8.353337496257618
2234,77.53461356300544
2235,8.35338643699456
2236,77.53454776237815
2237,8.353452237621848
2238,77.53435661764823
2239,8.353643382351775
2240,77.53456811803542
2241,8.353431881964577
2242,77.53460521761967
2243,8.353394782380342
2244,77.53425148804676
2245,8.353748511953235
2246,77.5354230721696
2247,8.35257692783039
2248,77.52789895582727
2249,8.360101044172726
2250,77.52798695371253
2251,8.360013046287461
2252,77.52512919458677
2253,8.362870805413216
2254,77.52823528446369
2255,8.359764715536325
2256,77.52848046354696
2257,8.359519536453043
2258,77.52881835268624
2259,8.359181647313758
2260,77.52876056849884
2261,8.359239431501157
2262,77.52876056849884
2263,8.359239431501157
2264,77.52843864192918
2265,8.359561358070827
2266,77.52908249506851
2267,8.358917504931487
2268,77.52968763822824
2269,8.358312361771759
2270,77.52959617970309
2271,8.358403820296905
2272,77.52990433275862
2273,8.358095667241372
2274,77.53040243947588
2275,8.357597560524122
2276,77.5315057822078
2277,8.356494217792207
2278,77.53140656503803
2279,8.356593434961965
2280,77.53196258745248
2281,8.356037412547513
2282,77.53184699009562
2283,8.356153009904387
2284,77.5311719028401
2285,8.356828097159896
2286,77.53096784875495
2287,8.35703215124505
2288,77.5317396496928
2289,8.356260350307199
2290,77.53182727840759
2291,8.35617272159241
2292,77.53085561900811
2293,8.357144380991887
2294,77.52909005616748
2295,8.358909943832513
2296,77.53281920060705
2297,8.355180799392945
2298,77.53282244152969
2299,8.355177558470315
2300,77.53271719154336
2301,8.355282808456629
2302,77.53283158743982
2303,8.35516841256018
2304,77.53284061727544
2305,8.355159382724555
2306,77.53285306158082
2307,8.355146938419166
2308,77.53285093341513
2309,8.355149066584861
2310,77.53285093341513
2311,8.355149066584861
2312,77.53283907700403
2313,8.355160922995973
2314,77.53286278982624
2315,8.355137210173751
2316,77.53283440572322
2317,8.35516559427678
2318,77.53293237985491
2319,8.355067620145078
2320,77.53293331256863
2321,8.355066687431362
2322,77.53273161230467
2323,8.355268387695325
2324,77.53251024425063
2325,8.355489755749359
2326,77.53258721202624
2327,8.355412787973755
2328,77.5323875239207
2329,8.355612476079296
2330,77.53228203421237
2331,8.355717965787644
2332,77.53281170043545
2333,8.355188299564565
2334,77.53300690774778
2335,8.354993092252226
2336,77.5323623813837
2337,8.355637618616292
2338,77.5323722639994
2339,8.355627736000596
2340,77.53311427176958
2341,8.354885728230439
2342,77.53258864479866
2343,8.355411355201335
2344,77.53323771154685
2345,8.354762288453147
2346,-0.5676568860040259
2347,-0.2798596013327266
2348,-0.5474113552013341
2349,-0.5702185119991132
2350,-0.6640435081569438
2351,-0.5470676201450791
2352,-0.5460813968326986
2353,-0.5301293235781284
2354,-0.5427402615697396
2355,-0.546045666945997
2356,-0.5302235881269658
2357,-0.5427659772312068
2358,-0.5676568860040259
2359,-0.2798596013327266
2360,-0.5474113552013341
2361,-0.5702254628865918
2362,-0.6386807415465912
2363,-0.547066687431364
2364,-0.5461830215837845
2365,-0.5298612115801319
2366,-0.5426629025110319
2367,-0.546045666945997
2368,-0.5302235881269658
2369,-0.5427659772312068
2370,-0.5696999043587259
2371,-0.6333313346325138
2372,-0.5471372101737502
2373,-0.5472172631222318
2374,-0.5271326187686134
2375,-0.5452881956064731
2376,-0.5687223265902562
2377,-0.5849151691872401
2378,-0.5472683876953256
2379,-0.5676568860040259
2380,-0.2798596013327266
2381,-0.5474113552013341
2382,-0.5449229884044292
2383,-0.5331855002957314
2384,-0.5435637493415704
2385,-0.5687223265902562
2386,-0.5849151691872401
2387,-0.5472683876953256
2388,-0.5460813968326986
2389,-0.5301293235781284
2390,-0.5427402615697396
2391,-0.5687223265902562
2392,-0.5849151691872401
2393,-0.5472683876953256
2394,-0.5707739182174134
2395,-0.5555693362584285
2396,-0.5469930922522258
2397,-0.546045666945997
2398,-0.5302235881269658
2399,-0.5427659772312068
2400,-0.5693191695188923
2401,-0.5264698930890259
2402,-0.5471882995645664
2403,-0.5687223265902562
2404,-0.5849151691872401
2405,-0.5472683876953256
2406,-0.5696999043587259
2407,-0.6333313346325138
2408,-0.5471372101737502
2409,-0.5502731159996446
2410,-0.5190704999265346
2411,-0.5484942177922069
2412,-0.5702254628865918
2413,-0.6386807415465912
2414,-0.547066687431364
2415,-0.546045666945997
2416,-0.5302235881269658
2417,-0.5427659772312068
2418,-0.5446893467410736
2419,-0.5338019065600349
2420,-0.5454522376218489
2421,-0.5461830215837845
2422,-0.5298612115801319
2423,-0.5426629025110319
2424,-0.552471470285267
2425,-0.513270680950079
2426,-0.5511816473137572
2427,-0.5715740300016
2428,-0.5715740300015999
2429,-0.5468857282304386
2430,-0.5484764647706314
2431,-0.5238105238436326
2432,-0.5299736235168
2433,-0.5653719236937561
2434,-0.4792359964714409
2435,-0.5477179657876443
2436,-0.5433576978678366
2437,-0.5373151357312779
2438,-0.545232421182435
2439,-0.552057722809383
2440,-0.5143622522576655
2441,-0.5521010441727277
2442,-0.5695231886565721
2443,-0.8234049043223275
2444,-0.5471609229959724
2445,-0.5525997480575036
2446,-0.5129322514883046
2447,-0.5488280971598944
2448,-0.5412067979201929
2449,-0.5429897580678076
2450,-0.5454318819645776
2451,-0.5501126388841528
2452,-0.5194938794635822
2453,-0.5482603503072
2454,-0.5676568860040259
2455,-0.2798596013327266
2456,-0.5474113552013341
2457,-0.5426432925885223
2458,-0.5391999189634191
2459,-0.5451948645113481
2460,-0.551877254413494
2461,-0.5148383738882737
2462,-0.5495975605241225
2463,-0.5464177692885008
2464,-0.529241887296781
2465,-0.542504541918777
2466,-0.5500389831631856
2467,-0.5196882020306883
2468,-0.5481530099043878
2469,-0.5472172631222318
2470,-0.5271326187686134
2471,-0.5452881956064731
2472,-0.5416968570816
2473,-0.5416968570815999
2474,-0.5453864369945605
2475,-0.5693750632493748
2476,-0.5071259524937571
2477,-0.5471807993929456
2478,-0.5499596616175281
2479,-0.5198974724875718
2480,-0.548037412547513
2481,-0.5504769931814826
2482,-0.518532619951581
2483,-0.5509099438325137
2484,-0.5508112733453966
2485,-0.51765070366957
2486,-0.5548708054132165
2487,-0.569611546507649
2488,-0.7283681194774206
2489,-0.5471490665848613
2490,-0.5416068640030491
2491,-0.5419342817624822
2492,-0.5453947823803396
2493,-0.553981724370564
2494,-0.5092862457021011
2495,-0.5490321512450497
2496,-0.5676462085155934
2497,-0.493005533444213
2498,-0.5474127879737583
2499,-0.5694673739760063
2500,-0.6915617466844961
2501,-0.5471684125601795
2502,-0.5500525090914913
2503,-0.5196525171839942
2504,-0.5481727215924097
2505,-0.5523005926432891
2506,-0.5137214997271453
2507,-0.5515613580708272
2508,-0.5524454662137407
2509,-0.5133392863193296
2510,-0.5512394315011564
2511,-0.5467272125211773
2512,-0.5284254971704269
2513,-0.5441884745211947
2514,-0.5695231886565721
2515,-0.8234049043223275
2516,-0.5471609229959724
2517,-0.5462662418523897
2518,-0.5296416552983078
2519,-0.542599553360594
2520,-0.5696274062940284
2521,-0.6085527086001901
2522,-0.5471469384191674
2523,-0.5696999043587259
2524,-0.6333313346325138
2525,-0.5471372101737502
2526,-0.5694883767451012
2527,-0.6503423675127848
2528,-0.5471655942767804
2529,-0.5687223265902562
2530,-0.5849151691872401
2531,-0.5472683876953256
2532,-0.5693191695188923
2533,-0.5264698930890259
2534,-0.5471882995645664
2535,-0.5693992156641609
2536,-0.5305609676459907
2537,-0.5471775584703165
2538,-0.5446893467410736
2539,-0.5338019065600349
2540,-0.5454522376218489
2541,-0.5702185119991132
2542,-0.6640435081569438
2543,-0.5470676201450791
2544,-0.5510104752974827
2545,-0.5171251581424386
2546,-0.5485934349619661
2547,-0.5435069395536043
2548,-0.5369213981218065
2549,-0.5445769278303891
2550,-0.5532528386256486
2551,-0.5112092320936407
2552,-0.5500956672413712
2553,-0.5707739182174134
2554,-0.5555693362584285
2555,-0.5469930922522258
2556,-0.5416068640030491
2557,-0.5419342817624822
2558,-0.5453947823803396
2559,-0.5422246131015772
2560,-0.5403045021733764
2561,-0.545337496257619
2562,-0.552097323665701
2563,-0.514257775104251
2564,-0.5520130462874627
2565,-0.5660443455600418
2566,-0.4736404941395278
2567,-0.5476277360005957
2568,-0.5702254628865918
2569,-0.6386807415465912
2570,-0.547066687431364
2571,-0.5461560287320253
2572,-0.529932425603679
2573,-0.5440820948532878
2574,-0.5670726194935316
2575,-0.4505457292860666
2576,-0.5474897557493601
2577,-0.5522090776057603
2578,-0.5139629397237643
2579,-0.5517647155363254
2580,-0.553189891447829
2581,-0.5113753027942638
2582,-0.5504038202969067
2583,-0.5659706970775502
2584,-0.4697730842578849
2585,-0.547637618616294
2586,-0.5547418113427481
2587,-0.5072809425196892
2588,-0.5491443809918851
2589,-0.5695346672626397
2590,-0.5691343772440133
2591,-0.5471593827245549
2592,-0.5460813968326986
2593,-0.5301293235781284
2594,-0.5427402615697396
2595,-0.5449923663924616
2596,-0.533002463478522
2597,-0.5445604483762995
2598,-0.5661580674815362
2599,-0.4796122299861821
2600,-0.5476124760792966
2601,-0.5686148583633476
2602,2.7972416050126014e-17
2603,-0.5472828084566284
2604,-0.5465246376208129
2605,-0.5289599413948947
2606,-0.5424296518213356
2607,-0.5525903397841915
2608,-0.512957072911514
2609,-0.550917504931486
2610,-0.5524454662137407
2611,-0.5133392863193296
2612,-0.5512394315011564
2613,-0.5458473022830186
2614,-0.5307469246719979
2615,-0.5456433823517741
2616,-0.5464841778310886
2617,-0.5290666846335774
2618,-0.545748511953233
2619,-0.5502731159996446
2620,-0.5190704999265346
2621,-0.5484942177922069
2622,-0.5661580674815362
2623,-0.4796122299861821
2624,-0.5476124760792966
2625,-0.5724939435704371
2626,-0.5691470635166553
2627,-0.5467622884531484
2628,-0.5686148583633476
2629,0.0
2630,-0.5472828084566284
2631,-0.5462809993584787
2632,-0.5296027212354857
2633,-0.5426007306425418
2634,-0.5475918478572108
2635,-0.5261443687543021
2636,-0.5353046320431001
2637,-0.569611546507649
2638,-0.7283681194774206
2639,-0.5471490665848613
2640,-0.546045666945997
2641,-0.5302235881269658
2642,-0.5427659772312068
2643,-0.5449229884044292
2644,-0.5331855002957314
2645,-0.5435637493415704
2646,-0.5523194132305315
2647,-0.5136718462205391
2648,-0.5515195364530424
2649,-0.5524942836147226
2650,-0.5132104935717495
2651,-0.5503123617717591
2652,0.0
2653,0.0
2654,0.0
2655,0.0
2656,0.0
2657,0.0
2658,0.0
2659,0.0
2660,0.0
2661,0.0
2662,0.0
2663,0.0
2664,0.0
2665,0.0
2666,0.0
2667,0.0
2668,0.0
2669,0.0
2670,0.0
2671,0.0
2672,0.0
2673,0.0
2674,0.0
2675,0.0
2676,0.0
2677,0.0
2678,0.0
2679,0.0
2680,0.0
2681,0.0
2682,0.0
2683,0.0
2684,0.0
2685,0.0
2686,0.0
2687,0.0
2688,0.0
2689,0.0
2690,0.0
2691,0.0
2692,0.0
2693,0.0
2694,0.0
2695,0.0
2696,0.0
2697,0.0
2698,0.0
2699,0.0
2700,0.0
2701,0.0
2702,0.0
2703,0.0
2704,0.0
2705,0.0
2706,0.0
2707,0.0
2708,0.0
2709,0.0
2710,0.0
2711,0.0
2712,0.0
2713,0.0
2714,0.0
2715,0.0
2716,0.0
2717,0.0
2718,0.0
2719,0.0
2720,0.0
2721,0.0
2722,0.0
2723,0.0
2724,0.0
2725,0.0
2726,0.0
2727,0.0
2728,0.0
2729,0.0
2730,0.0
2731,0.0
2732,0.0
2733,0.0
2734,0.0
2735,0.0
2736,0.0
2737,0.0
2738,0.0
2739,0.0
2740,0.0
2741,0.0
2742,0.0
2743,0.0
2744,0.0
2745,0.0
2746,0.0
2747,0.0
2748,0.0
2749,0.0
2750,0.0
2751,0.0
2752,0.0
2753,0.0
2754,0.0
2755,0.0
2756,0.0
2757,0.0
2758,0.0
2759,0.0
2760,0.0
2761,0.0
2762,0.0
2763,0.0
2764,0.0
2765,0.0
2766,0.0
2767,0.0
2768,0.0
2769,0.0
2770,0.0
2771,0.0
2772,0.0
2773,0.0
2774,0.0
2775,0.0
2776,0.0
2777,0.0
2778,0.0
2779,0.0
2780,0.0
2781,0.0
2782,0.0
2783,0.0
2784,0.0
2785,0.0
2786,0.0
2787,0.0
2788,0.0
2789,0.0
2790,0.0
2791,0.0
2792,0.0
2793,0.0
2794,0.0
2795,0.0
2796,0.0
2797,0.0
2798,0.0
2799,-0.546045666945997
2800,0.0
2801,0.0
2802,-0.5460813968326986
2803,0.0
2804,0.0
2805,-0.5449229884044292
2806,0.0
2807,0.0
2808,-0.5461830215837845
2809,0.0
2810,0.0
2811,-0.5462809993584787
2812,0.0
2813,0.0
2814,-0.5464177692885008
2815,0.0
2816,0.0
2817,-0.5484764647706314
2818,0.0
2819,0.0
2820,-0.5475918478572108
2821,0.0
2822,0.0
2823,-0.5462662418523897
2824,0.0
2825,0.0
2826,-0.5465246376208129
2827,0.0
2828,0.0
2829,-0.5461560287320253
2830,0.0
2831,0.0
2832,-0.5467272125211773
2833,0.0
2834,0.0
2835,-0.5472172631222318
2836,0.0
2837,0.0
2838,-0.5449923663924616
2839,0.0
2840,0.0
2841,-0.5426432925885223
2842,0.0
2843,0.0
2844,-0.5433576978678366
2845,0.0
2846,0.0
2847,-0.5422246131015772
2848,0.0
2849,0.0
2850,-0.5416968570816
2851,0.0
2852,0.0
2853,-0.5446893467410736
2854,0.0
2855,0.0
2856,-0.5458473022830186
2857,0.0
2858,0.0
2859,-0.5412067979201929
2860,0.0
2861,0.0
2862,-0.5416068640030491
2863,0.0
2864,0.0
2865,-0.5464841778310886
2866,0.0
2867,0.0
2868,-0.5435069395536043
2869,0.0
2870,0.0
2871,-0.552057722809383
2872,0.0
2873,0.0
2874,-0.552097323665701
2875,0.0
2876,0.0
2877,-0.5508112733453966
2878,0.0
2879,0.0
2880,-0.5522090776057603
2881,0.0
2882,0.0
2883,-0.5523194132305315
2884,0.0
2885,0.0
2886,-0.552471470285267
2887,0.0
2888,0.0
2889,-0.5524454662137407
2890,0.0
2891,0.0
2892,-0.5524454662137407
2893,0.0
2894,0.0
2895,-0.5523005926432891
2896,0.0
2897,0.0
2898,-0.5525903397841915
2899,0.0
2900,0.0
2901,-0.5524942836147226
2902,0.0
2903,0.0
2904,-0.553189891447829
2905,0.0
2906,0.0
2907,-0.5532528386256486
2908,0.0
2909,0.0
2910,-0.551877254413494
2911,0.0
2912,0.0
2913,-0.5502731159996446
2914,0.0
2915,0.0
2916,-0.5510104752974827
2917,0.0
2918,0.0
2919,-0.5499596616175281
2920,0.0
2921,0.0
2922,-0.5500389831631856
2923,0.0
2924,0.0
2925,-0.5525997480575036
2926,0.0
2927,0.0
2928,-0.553981724370564
2929,0.0
2930,0.0
2931,-0.5501126388841528
2932,0.0
2933,0.0
2934,-0.5500525090914913
2935,0.0
2936,0.0
2937,-0.5547418113427481
2938,0.0
2939,0.0
2940,-0.5504769931814826
2941,0.0
2942,0.0
2943,-0.5693750632493748
2944,0.0
2945,0.0
2946,-0.5693992156641609
2947,0.0
2948,0.0
2949,-0.5686148583633476
2950,0.0
2951,0.0
2952,-0.5694673739760063
2953,0.0
2954,0.0
2955,-0.5695346672626397
2956,0.0
2957,0.0
2958,-0.5696274062940284
2959,0.0
2960,0.0
2961,-0.569611546507649
2962,0.0
2963,0.0
2964,-0.569611546507649
2965,0.0
2966,0.0
2967,-0.5695231886565721
2968,0.0
2969,0.0
2970,-0.5696999043587259
2971,0.0
2972,0.0
2973,-0.5694883767451012
2974,0.0
2975,0.0
2976,-0.5702185119991132
2977,0.0
2978,0.0
2979,-0.5702254628865918
2980,0.0
2981,0.0
2982,-0.5687223265902562
2983,0.0
2984,0.0
2985,-0.5670726194935316
2986,0.0
2987,0.0
2988,-0.5676462085155934
2989,0.0
2990,0.0
2991,-0.5661580674815362
2992,0.0
2993,0.0
2994,-0.5653719236937561
2995,0.0
2996,0.0
2997,-0.5693191695188923
2998,0.0
2999,0.0
3000,-0.5707739182174134
3001,0.0
3002,0.0
3003,-0.5659706970775502
3004,0.0
3005,0.0
3006,-0.5660443455600418
3007,0.0
3008,0.0
3009,-0.5715740300016
3010,0.0
3011,0.0
3012,-0.5676568860040259
3013,0.0
3014,0.0
3015,-0.5724939435704371
3016,0.0
3017,0.0
3018,-0.5302235881269658
3019,0.0
3020,0.0
3021,-0.5301293235781284
3022,0.0
3023,0.0
3024,-0.5331855002957314
3025,0.0
3026,0.0
3027,-0.5298612115801319
3028,0.0
3029,0.0
3030,-0.5296027212354857
3031,0.0
3032,0.0
3033,-0.529241887296781
3034,0.0
3035,0.0
3036,-0.5238105238436326
3037,0.0
3038,0.0
3039,-0.5261443687543021
3040,0.0
3041,0.0
3042,-0.5296416552983078
3043,0.0
3044,0.0
3045,-0.5289599413948947
3046,0.0
3047,0.0
3048,-0.529932425603679
3049,0.0
3050,0.0
3051,-0.5284254971704269
3052,0.0
3053,0.0
3054,-0.5271326187686134
3055,0.0
3056,0.0
3057,-0.533002463478522
3058,0.0
3059,0.0
3060,-0.5391999189634191
3061,0.0
3062,0.0
3063,-0.5373151357312779
3064,0.0
3065,0.0
3066,-0.5403045021733764
3067,0.0
3068,0.0
3069,-0.5416968570815999
3070,0.0
3071,0.0
3072,-0.5338019065600349
3073,0.0
3074,0.0
3075,-0.5307469246719979
3076,0.0
3077,0.0
3078,-0.5429897580678076
3079,0.0
3080,0.0
3081,-0.5419342817624822
3082,0.0
3083,0.0
3084,-0.5290666846335774
3085,0.0
3086,0.0
3087,-0.5369213981218065
3088,0.0
3089,0.0
3090,-0.5143622522576655
3091,0.0
3092,0.0
3093,-0.514257775104251
3094,0.0
3095,0.0
3096,-0.51765070366957
3097,0.0
3098,0.0
3099,-0.5139629397237643
3100,0.0
3101,0.0
3102,-0.5136718462205391
3103,0.0
3104,0.0
3105,-0.513270680950079
3106,0.0
3107,0.0
3108,-0.5133392863193296
3109,0.0
3110,0.0
3111,-0.5133392863193296
3112,0.0
3113,0.0
3114,-0.5137214997271453
3115,0.0
3116,0.0
3117,-0.512957072911514
3118,0.0
3119,0.0
3120,-0.5132104935717495
3121,0.0
3122,0.0
3123,-0.5113753027942638
3124,0.0
3125,0.0
3126,-0.5112092320936407
3127,0.0
3128,0.0
3129,-0.5148383738882737
3130,0.0
3131,0.0
3132,-0.5190704999265346
3133,0.0
3134,0.0
3135,-0.5171251581424386
3136,0.0
3137,0.0
3138,-0.5198974724875718
3139,0.0
3140,0.0
3141,-0.5196882020306883
3142,0.0
3143,0.0
3144,-0.5129322514883046
3145,0.0
3146,0.0
3147,-0.5092862457021011
3148,0.0
3149,0.0
3150,-0.5194938794635822
3151,0.0
3152,0.0
3153,-0.5196525171839942
3154,0.0
3155,0.0
3156,-0.5072809425196892
3157,0.0
3158,0.0
3159,-0.518532619951581
3160,0.0
3161,0.0
3162,-0.5071259524937571
3163,0.0
3164,0.0
3165,-0.5305609676459907
3166,0.0
3167,0.0
3168,2.7972416050126014e-17
3169,0.0
3170,0.0
3171,-0.6915617466844961
3172,0.0
3173,0.0
3174,-0.5691343772440133
3175,0.0
3176,0.0
3177,-0.6085527086001901
3178,0.0
3179,0.0
3180,-0.7283681194774206
3181,0.0
3182,0.0
3183,-0.7283681194774206
3184,0.0
3185,0.0
3186,-0.8234049043223275
3187,0.0
3188,0.0
3189,-0.6333313346325138
3190,0.0
3191,0.0
3192,-0.6503423675127848
3193,0.0
3194,0.0
3195,-0.6640435081569438
3196,0.0
3197,0.0
3198,-0.6386807415465912
3199,0.0
3200,0.0
3201,-0.5849151691872401
3202,0.0
3203,0.0
3204,-0.4505457292860666
3205,0.0
3206,0.0
3207,-0.493005533444213
3208,0.0
3209,0.0
3210,-0.4796122299861821
3211,0.0
3212,0.0
3213,-0.4792359964714409
3214,0.0
3215,0.0
3216,-0.5264698930890259
3217,0.0
3218,0.0
3219,-0.5555693362584285
3220,0.0
3221,0.0
3222,-0.4697730842578849
3223,0.0
3224,0.0
3225,-0.4736404941395278
3226,0.0
3227,0.0
3228,-0.5715740300015999
3229,0.0
3230,0.0
3231,-0.2798596013327266
3232,0.0
3233,0.0
3234,-0.5691470635166553
3235,0.0
3236,0.0
3237,-0.5427659772312068
3238,0.0
3239,0.0
3240,-0.5427402615697396
3241,0.0
3242,0.0
3243,-0.5435637493415704
3244,0.0
3245,0.0
3246,-0.5426629025110319
3247,0.0
3248,0.0
3249,-0.5426007306425418
3250,0.0
3251,0.0
3252,-0.542504541918777
3253,0.0
3254,0.0
3255,-0.5299736235168
3256,0.0
3257,0.0
3258,-0.5353046320431001
3259,0.0
3260,0.0
3261,-0.542599553360594
3262,0.0
3263,0.0
3264,-0.5424296518213356
3265,0.0
3266,0.0
3267,-0.5440820948532878
3268,0.0
3269,0.0
3270,-0.5441884745211947
3271,0.0
3272,0.0
3273,-0.5452881956064731
3274,0.0
3275,0.0
3276,-0.5445604483762995
3277,0.0
3278,0.0
3279,-0.5451948645113481
3280,0.0
3281,0.0
3282,-0.545232421182435
3283,0.0
3284,0.0
3285,-0.545337496257619
3286,0.0
3287,0.0
3288,-0.5453864369945605
3289,0.0
3290,0.0
3291,-0.5454522376218489
3292,0.0
3293,0.0
3294,-0.5456433823517741
3295,0.0
3296,0.0
3297,-0.5454318819645776
3298,0.0
3299,0.0
3300,-0.5453947823803396
3301,0.0
3302,0.0
3303,-0.545748511953233
3304,0.0
3305,0.0
3306,-0.5445769278303891
3307,0.0
3308,0.0
3309,-0.5521010441727277
3310,0.0
3311,0.0
3312,-0.5520130462874627
3313,0.0
3314,0.0
3315,-0.5548708054132165
3316,0.0
3317,0.0
3318,-0.5517647155363254
3319,0.0
3320,0.0
3321,-0.5515195364530424
3322,0.0
3323,0.0
3324,-0.5511816473137572
3325,0.0
3326,0.0
3327,-0.5512394315011564
3328,0.0
3329,0.0
3330,-0.5512394315011564
3331,0.0
3332,0.0
3333,-0.5515613580708272
3334,0.0
3335,0.0
3336,-0.550917504931486
3337,0.0
3338,0.0
3339,-0.5503123617717591
3340,0.0
3341,0.0
3342,-0.5504038202969067
3343,0.0
3344,0.0
3345,-0.5500956672413712
3346,0.0
3347,0.0
3348,-0.5495975605241225
3349,0.0
3350,0.0
3351,-0.5484942177922069
3352,0.0
3353,0.0
3354,-0.5485934349619661
3355,0.0
3356,0.0
3357,-0.548037412547513
3358,0.0
3359,0.0
3360,-0.5481530099043878
3361,0.0
3362,0.0
3363,-0.5488280971598944
3364,0.0
3365,0.0
3366,-0.5490321512450497
3367,0.0
3368,0.0
3369,-0.5482603503072
3370,0.0
3371,0.0
3372,-0.5481727215924097
3373,0.0
3374,0.0
3375,-0.5491443809918851
3376,0.0
3377,0.0
3378,-0.5509099438325137
3379,0.0
3380,0.0
3381,-0.5471807993929456
3382,0.0
3383,0.0
3384,-0.5471775584703165
3385,0.0
3386,0.0
3387,-0.5472828084566284
3388,0.0
3389,0.0
3390,-0.5471684125601795
3391,0.0
3392,0.0
3393,-0.5471593827245549
3394,0.0
3395,0.0
3396,-0.5471469384191674
3397,0.0
3398,0.0
3399,-0.5471490665848613
3400,0.0
3401,0.0
3402,-0.5471490665848613
3403,0.0
3404,0.0
3405,-0.5471609229959724
3406,0.0
3407,0.0
3408,-0.5471372101737502
3409,0.0
3410,0.0
3411,-0.5471655942767804
3412,0.0
3413,0.0
3414,-0.5470676201450791
3415,0.0
3416,0.0
3417,-0.547066687431364
3418,0.0
3419,0.0
3420,-0.5472683876953256
3421,0.0
3422,0.0
3423,-0.5474897557493601
3424,0.0
3425,0.0
3426,-0.5474127879737583
3427,0.0
3428,0.0
3429,-0.5476124760792966
3430,0.0
3431,0.0
3432,-0.5477179657876443
3433,0.0
3434,0.0
3435,-0.5471882995645664
3436,0.0
3437,0.0
3438,-0.5469930922522258
3439,0.0
3440,0.0
3441,-0.547637618616294
3442,0.0
3443,0.0
3444,-0.5476277360005957
3445,0.0
3446,0.0
3447,-0.5468857282304386
3448,0.0
3449,0.0
3450,-0.5474113552013341
3451,0.0
3452,0.0
3453,-0.5467622884531484
3454,0.0
3455,0.042122107655958196
3456,-0.025848319584750215
3457,-0.08985616000730103
3458,1.6243929596584683
3459,0.3992410624012521
3460,-0.06523012635108857
3461,0.11870849238715153
3462,0.3992410624012521
3463,-0.04766896610739169
3464,1.4375499877742985
3465,-0.16888279187399693
3466,1.5941370586718389
3467,0.1202415343081115
3468,0.12474406789056813
3469,0.263386669009439
3470,0.13841943184835553
3471,-0.12479582983829872
3472,0.17425354350422528
3473,1.4375499877742985
3474,0.12474406789056813
3475,-0.0018522885769527153
3476,0.3992410624012521
3477,0.0446601248392685
3478,0.13841943184835553
3479,5.204170427930421e-17
3480,-0.16888279187399693
3481,0.12474406789056813
3482,-0.11414418466194809
3483,0.0034515094358438638
3484,0.1355276736715509
3485,0.11870849238715153
3486,0.12474406789056813
3487,1.6243929596584683
3488,0.0
3489,0.0446601248392685
3490,1.5941370586718389
3491,0.01916384263841442
3492,0.013673631143951455
3493,-0.08323910351012241
3494,0.0
3495,1.595268375710003
3496,2.203115451763478
3497,1.595268375710003
3498,0.042122107655958196
3499,1.6243929596584683
3500,0.24979930836385933
3501,-0.10406057114788861
3502,-0.15411973556194813
3503,0.1202415343081115
3504,1.5941612110866252
3505,-0.15411973556194813
3506,-0.08985616000730103
3507,-0.08942113252543663
3508,1.6243929596584683
3509,2.203115451763478
3510,1.6243929596584683
3511,-0.38302647792019284
3512,1.5753841525273014
3513,0.1202415343081115
3514,0.24979930836385933
3515,0.17425354350422528
3516,-0.10540504485719342
3517,1.5753841525273014
3518,-0.12607294829828275
3519,0.0446601248392685
3520,1.5103168923106174
3521,-0.06967919776858307
3522,1.5103168923106174
3523,1.5941612110866252
3524,0.263386669009439
3525,0.1355276736715509
3526,-0.12479582983829872
3527,-0.018502841253831392
3528,0.13452595907647225
3529,0.07034929323491522
3530,-0.05201661144585094
3531,1.7409198498659328
3532,0.44670193122431096
3533,-0.04781263315357748
3534,0.16075209891915943
3535,0.44670193122431096
3536,-0.11612424476739104
3537,1.4753895363357485
3538,-0.15306071305496582
3539,1.6329753066900088
3540,0.13765902750562256
3541,0.14482871224418659
3542,0.30222491702760934
3543,0.16962204792146543
3544,-0.1088437565837285
3545,0.2365026542598429
3546,1.4753895363357485
3547,0.14482871224418659
3548,0.02876647084361786
3549,0.44670193122431096
3550,0.1611870150467334
3551,0.16962204792146543
3552,5.789639601072594e-17
3553,-0.15306071305496582
3554,0.14482871224418659
3555,-0.06668331583888931
3556,0.08958743665815909
3557,-0.02322889929822063
3558,0.16075209891915943
3559,0.14482871224418659
3560,1.7409198498659328
3561,0.0
3562,0.1611870150467334
3563,1.6329753066900088
3564,0.04951462377091166
3565,0.05571723767595933
3566,-0.07979572988501922
3567,0.0
3568,1.611090454529034
3569,2.206558825388581
3570,1.611090454529034
3571,0.13452595907647225
3572,1.7409198498659328
3573,0.28890548825827067
3574,-0.08664307795037751
3575,-0.10665886673888936
3576,0.13765902750562256
3577,1.6564103218422428
3578,-0.10665886673888936
3579,-0.05201661144585094
3580,-0.08337857038887793
3581,1.7409198498659328
3582,2.206558825388581
3583,1.7409198498659328
3584,-0.3848094380678077
3585,1.5913362257818715
3586,0.13765902750562256
3587,0.28890548825827067
3588,0.2365026542598429
3589,-0.03076436978581293
3590,1.5913362257818715
3591,-0.09218763114323872
3592,0.1611870150467334
3593,1.5480123628623341
3594,-0.03198372721686547
3595,1.5480123628623341
3596,1.6564103218422428
3597,0.30222491702760934
3598,-0.02322889929822063
3599,-0.1088437565837285
3600,0.00616309967316746
3601,0.0605387172154043
3602,-0.00751524112349386
3603,-0.08977188262906272
3604,1.6439758234026396
3605,0.40483849275211503
3606,-0.06449446047323304
3607,0.12186566377142877
3608,0.40483849275211503
3609,-0.024510190652163907
3610,1.437634265152537
3611,-0.16560310215920684
3612,1.6163587158656831
3613,0.12097720018596705
3614,0.12667313540632685
3615,0.28560832620328364
3616,0.14019833005579319
3617,-0.12145469457533958
3618,0.19644780736065462
3619,1.437634265152537
3620,0.12667313540632685
3621,0.0
3622,0.40483849275211503
3623,0.06424298858343988
3624,0.14019833005579319
3625,0.024688301771161505
3626,-0.16560310215920684
3627,0.12667313540632685
3628,-0.10854675431108513
3629,0.02110546734195569
3630,0.1579901535943387
3631,0.12186566377142877
3632,0.12667313540632685
3633,1.6439758234026396
3634,-0.0036895799129605666
3635,0.06424298858343988
3636,1.6163587158656831
3637,0.02104981589721215
3638,0.016830802528228772
3639,-0.08579067543294827
3640,0.024688301771161505
3641,1.5985480654247932
3642,2.200563879840652
3643,1.5985480654247932
3644,0.0605387172154043
3645,1.6439758234026396
3646,0.2510053430764437
3647,-0.10332490527003307
3648,-0.14852230521108517
3649,0.12097720018596705
3650,1.6163554749430542
3651,-0.14852230521108517
3652,-0.08977188262906272
3653,-0.09129585584003494
3654,1.6439758234026396
3655,2.200563879840652
3656,1.6439758234026396
3657,-0.38725156196457766
3658,1.5787252877902602
3659,0.12097720018596705
3660,0.2510053430764437
3661,0.19644780736065462
3662,-0.08517162431535817
3663,1.5787252877902602
3664,-0.12365590796276606
3665,0.06424298858343988
3666,1.5102735709472723
3667,-0.06972251913192773
3668,1.5102735709472723
3669,1.6163554749430542
3670,0.28560832620328364
3671,0.1579901535943387
3672,-0.12145469457533958
3673,0.0
3674,0.0
3675,0.0
3676,0.0
3677,0.0
3678,0.0
3679,0.0
3680,0.0
3681,0.0
3682,0.0
3683,0.0
3684,0.0
3685,0.0
3686,0.0
3687,0.0
3688,0.0
3689,0.0
3690,0.0
3691,0.0
3692,0.0
3693,0.0
3694,0.0
3695,0.0
3696,0.0
3697,0.0
3698,0.0
3699,0.0
3700,0.0
3701,0.0
3702,0.0
3703,0.0
3704,0.0
3705,0.0
3706,0.0
3707,0.0
3708,0.0
3709,0.0
3710,0.0
3711,0.0
3712,0.0
3713,0.0
3714,0.0
3715,0.0
3716,0.0
3717,0.0
3718,0.0
3719,0.0
3720,0.0
3721,0.0
3722,0.0
3723,0.0
3724,0.0
3725,0.0
3726,0.0
3727,0.0
3728,0.0
3729,0.0
3730,0.0
3731,0.0
3732,0.0
3733,0.0
3734,0.0
3735,0.0
3736,0.0
3737,0.0
3738,0.0
3739,0.0
3740,0.0
3741,0.0
3742,0.0
3743,0.0
3744,0.0
3745,0.0
3746,0.0
3747,0.0
3748,0.0
3749,0.0
3750,0.0
3751,0.0
3752,0.0
3753,0.0
3754,0.0
3755,0.0
3756,0.0
3757,0.0
3758,0.0
3759,0.0
3760,0.0
3761,0.0
3762,0.0
3763,0.0
3764,0.0
3765,0.0
3766,0.0
3767,0.0
3768,0.0
3769,0.0
3770,0.0
3771,0.0
3772,0.0
3773,0.0
3774,0.0
3775,0.0
3776,0.0
3777,0.0
3778,0.0
3779,0.0
3780,0.0
3781,0.0
3782,0.0
3783,0.0
3784,0.0
3785,0.0
3786,0.0
3787,0.0
3788,0.0
3789,0.0
3790,0.0
3791,0.0
3792,0.0
3793,0.041201769669934184
3794,0.0
3795,0.0
3796,0.0
3797,0.0
3798,0.0
3799,0.0
3800,0.0
3801,0.0
3802,0.0
3803,0.0
3804,0.0
3805,0.0
3806,0.0
3807,0.0
3808,0.0
3809,0.0
3810,0.0
3811,0.0
3812,0.0
3813,0.0
3814,0.0
3815,0.0
3816,0.0
3817,0.0
3818,0.0
3819,0.0
3820,0.0
3821,0.0
3822,0.0
3823,0.0
3824,0.0
3825,0.0
3826,0.0
3827,0.0
3828,0.0
3829,0.0
3830,0.0
3831,0.0
3832,0.0
3833,0.0
3834,0.0
3835,0.0
3836,0.0
3837,0.0
3838,0.0
3839,0.0
3840,0.0
3841,0.0
3842,0.0
3843,0.0
3844,0.0
3845,0.0
3846,0.0
3847,0.0
3848,0.0
3849,0.0
3850,0.0
3851,0.0
3852,0.0
3853,0.0
3854,0.0
3855,0.0
3856,0.0
3857,0.0
3858,0.0
3859,0.0
3860,0.0
3861,0.0
3862,0.0
3863,0.0
3864,0.0
3865,0.0
3866,0.0
3867,0.0
3868,0.0
3869,0.0
3870,0.0
3871,0.0
3872,0.0
3873,0.0
3874,0.0
3875,0.0
3876,0.0
3877,0.0
3878,0.0
3879,-1.5000229667368161
3880,0.0
3881,0.0
3882,0.0
3883,0.0
3884,0.0
3885,0.0
3886,0.0
3887,0.0
3888,0.0
3889,0.0
3890,0.0
3891,0.0
3892,0.0
3893,0.0
3894,0.0
3895,0.0
3896,0.0
3897,0.0
3898,0.0
3899,0.0
3900,0.0
3901,0.0
3902,0.0
3903,-0.006039313824131644
3904,0.0
3905,0.0
3906,0.0
3907,0.0
3908,0.0
3909,0.0
3910,0.0
3911,0.0
3912,0.0
3913,0.0
3914,0.0
3915,0.0
3916,0.0
3917,0.0
3918,0.0
3919,0.0
3920,0.0
3921,0.0
3922,0.0
3923,0.0
3924,-0.03896754866255275
3925,0.0
3926,0.0
3927,0.0
3928,0.0
3929,0.0
3930,0.0
3931,0.0
3932,0.0
3933,0.0
3934,0.0
3935,0.0
3936,0.0
3937,0.0
3938,0.0
3939,0.0
3940,0.0
3941,0.0
3942,0.0
3943,0.0
3944,0.0
3945,0.0
3946,0.0
3947,0.0
3948,0.0
3949,0.0
3950,0.0
3951,0.0
3952,0.0
3953,0.0
3954,0.0
3955,0.0
3956,0.0
3957,0.0
3958,0.0
3959,0.0
3960,0.0
3961,0.0
3962,0.0
3963,0.0
3964,0.0
3965,0.0
3966,0.0
3967,0.0
3968,0.0
3969,0.0
3970,0.0
3971,0.0
3972,0.0
3973,0.0
3974,0.0
3975,0.0
3976,0.0
3977,0.0
3978,0.0
3979,0.0
3980,0.0
3981,0.0
3982,0.0
3983,0.0
3984,0.0
3985,0.0
3986,0.0
3987,0.0
3988,0.0
3989,0.0
3990,0.0
3991,0.0
3992,0.0
3993,0.0
3994,0.0
3995,0.0
3996,0.0
3997,0.0
3998,0.0
3999,0.0
4000,0.0
4001,0.0
4002,0.0
4003,0.0
4004,0.0
4005,0.0
4006,0.0
4007,0.0
4008,0.0
4009,0.0
4010,0.0
4011,0.0
4012,0.0
4013,0.0
4014,0.0
4015,0.0
4016,0.0
4017,0.0
4018,0.0
4019,0.0
4020,0.0
4021,0.0
4022,0.0
4023,0.0
4024,0.0
4025,0.0
4026,0.0
4027,0.0
4028,0.0
4029,0.0
4030,0.0
4031,0.0
4032,0.0
4033,0.0
